FirstName,LastName,Department,Age,Salary
Sean,Kennedy,Support 2,59,1334
Dwayne,Mendoza,Delivery,38,1314
Veronica,Ramsey,ES,50,4082
Rene,Bass,Support 2,54,967
Eugene,Wheeler,Support 2,41,4274
Brandi,Neal,Delivery,36,6207
Angie,Marsh,Support 2,55,4719
Traci,Owen,R&D,18,6381
Daryl,Walton,ES,50,1257
Teresa,Lewis,Transport,64,787
Desiree,Kennedy,Support 2,50,2502
Craig,Guzman,Support 2,47,3964
Nancy,Miller,R&D,22,976
William,Powell,ES,36,2579
Hugo,Bennett,ES,51,2951
Jean,Hernandez,Transport,36,5806
Danny,Erickson,Travel,33,3965
Celia,Collier,IT,79,1874
Jessica,Becker,Support 1,72,6746
Dominic,Hines,ES,57,6090
Sheri,Casey,Delivery,68,3831
Elmer,Gilbert,Legal,59,2896
Alfred,Lloyd,Support 2,34,1778
Nora,Tran,Delivery,50,4576
Kyle,Hines,Transport,45,3893
Betsy,Bowen,IT,18,3449
Natasha,Maxwell,Security,31,2078
Dave,Briggs,Delivery,36,4636
Shawna,George,Support 2,40,6316
Derek,Allen,Legal,17,2456
Gloria,Munoz,R&D,73,4884
Linda,Austin,Travel,59,4029
Roman,Sanchez,Transport,23,6958
Ken,Jimenez,Travel,22,3978
Christy,Swanson,Support 1,19,2394
Melinda,Tucker,Travel,46,4109
Doris,Henry,IT,77,5648
Jeanne,Mack,Transport,58,4663
Matt,Pena,R&D,80,2449
Robin,Marsh,Travel,63,5912
Vivian,Snyder,Security,79,1644
Russell,Williams,Delivery,82,4676
Tommie,Jackson,R&D,67,2621
Ronnie,Hampton,Travel,34,6057
Brenda,Cruz,Transport,81,6373
Nellie,Webster,ES,39,996
Carla,Powers,Legal,28,6929
Latoya,Johnson,Travel,35,6873
Susie,Fitzgerald,Transport,45,3557
Neil,Collins,Support 2,37,2231
Erik,Carlson,Transport,22,3086
Connie,Sims,R&D,19,2013
Natasha,Robbins,Security,24,914
Herman,Dennis,Support 1,37,5667
Dana,Paul,Support 2,37,1547
Corey,Smith,ES,18,939
Alexis,Austin,Support 2,58,5382
Derek,Chavez,Legal,36,1509
Mary,Valdez,Legal,56,4205
Kelly,Evans,IT,56,2354
Jane,Quinn,Support 2,75,1814
Clay,Moreno,Support 2,50,1800
Jasmine,Singleton,Support 2,57,6574
Kenneth,Boyd,Travel,29,5907
Rodolfo,Fuller,IT,46,4407
Toni,Norton,R&D,55,5453
Beulah,Wise,ES,33,6342
Veronica,Rice,ES,58,5486
Maurice,Tate,Support 1,25,3401
Roman,Lopez,ES,82,2198
Wanda,Estrada,Transport,64,3482
Saul,Elliott,Support 2,50,5493
Bryan,Sandoval,Delivery,68,2711
Ellis,Foster,IT,54,6812
Glenn,Holland,Travel,70,3119
Bridget,Armstrong,Legal,64,2438
Neal,Roy,Delivery,31,3427
Boyd,Barnes,Legal,61,1126
Dewey,Barker,Transport,58,6746
Opal,Sherman,Legal,25,4346
Molly,Hodges,IT,45,5438
Drew,Little,ES,68,3015
Nicole,Bishop,Support 1,74,2752
Luz,James,Legal,82,4987
Irvin,Love,Transport,38,4906
Julio,Murray,Support 1,25,2906
Willie,Martin,Travel,48,2468
Peter,Jennings,R&D,73,4681
Rosie,Brock,Travel,55,2915
June,Douglas,Travel,71,2051
Emmett,Peterson,Security,38,1678
Martin,Peters,R&D,54,760
Darryl,Romero,Transport,55,2688
Sheri,Aguilar,Support 1,58,4123
Lynda,Hernandez,Legal,45,3148
Ernest,Black,Travel,44,1438
Wayne,Cain,Support 1,60,3929
Ron,Daniel,Legal,44,4579
Marilyn,Kennedy,Transport,30,2181
Terrence,Gibbs,Delivery,52,4231
Leslie,Wilkerson,Legal,42,2217
Margie,Alexander,Delivery,17,3176
Meredith,Ortega,Legal,44,2542
Fred,Fernandez,Support 2,56,4037
Darnell,Robinson,IT,48,1942
Dawn,Stanley,Legal,56,2965
Nathan,Thompson,R&D,79,2655
Tamara,Harmon,Security,53,2909
Alfonso,Warner,Travel,46,6158
Gilbert,Vasquez,Support 1,43,1204
Josephine,Garza,IT,34,3263
Damon,Hanson,Support 1,23,732
Cody,Vargas,Legal,35,1456
Myron,Bryan,Transport,17,3555
Courtney,Burke,Transport,46,5094
Orville,Hansen,Support 2,23,3914
Bernice,Sanchez,R&D,47,6070
Edna,Jenkins,Security,67,1113
Loretta,Obrien,Security,60,6552
Miranda,Santos,ES,38,4203
Lydia,Ellis,Travel,18,1768
Jesse,Nguyen,Legal,67,4584
Rochelle,Kim,Transport,50,3691
Ana,Henry,Support 1,40,5323
Paula,Davidson,Support 1,82,6907
Francis,Norman,ES,59,4954
Miguel,Mann,Travel,39,3548
Kyle,Stephens,Delivery,35,6715
Meghan,Torres,Support 1,32,5434
Gwendolyn,Copeland,Transport,40,3515
Ethel,Mccormick,Support 2,76,5930
Daniel,Bowen,Transport,39,6633
Maxine,Simon,IT,74,2732
Joshua,Bradley,Support 2,47,5580
Billy,Barnett,IT,81,6076
Shelia,Blair,Transport,50,3856
Kathryn,Luna,IT,50,4797
Kelly,Glover,Transport,17,4249
Amos,Delgado,Travel,37,5749
Diane,Ryan,Transport,64,6938
Beulah,Potter,Security,33,6012
Seth,Hogan,Support 1,23,1759
Neil,Joseph,Support 2,34,4240
Nellie,Mckinney,IT,42,4225
Michele,Casey,Security,20,981
Kelli,Foster,Security,21,3871
Ira,Luna,Security,23,1665
Joanna,Hardy,R&D,62,6095
Vincent,Soto,ES,49,1363
Jennifer,Buchanan,Transport,80,2602
Alan,Bryan,ES,74,1619
Winston,Adams,Transport,44,1671
Daniel,Nash,ES,20,2027
Eugene,Wilkins,R&D,64,3877
Sara,Bell,Delivery,47,5098
Alex,Gibbs,Delivery,62,1037
Constance,Burke,Delivery,32,6946
Cora,Hunt,Travel,59,2503
Bert,Alexander,Support 2,57,4241
Domingo,Griffith,Support 2,26,1279
Mattie,Castillo,Support 2,20,4831
Mitchell,Williams,IT,23,3240
Terence,Price,R&D,22,5379
Barbara,Alvarado,Legal,70,3139
Nettie,Curry,IT,59,3782
Bryant,Harper,Legal,56,1156
Jasmine,Dean,Security,79,2965
Alyssa,Maldonado,IT,45,836
Drew,Norman,Support 1,28,1909
Melinda,Bowman,Travel,75,2979
Leslie,Gilbert,R&D,34,5664
Timothy,Norton,Security,72,6573
Homer,Bush,Travel,78,6586
Viola,Oliver,Transport,31,5661
Kurt,Page,IT,28,6432
Blanche,Hunter,Legal,64,2203
Jermaine,Boyd,ES,46,5800
Deborah,Bradley,Security,47,2991
Lynne,Munoz,R&D,31,1464
Tasha,Lynch,Support 2,31,3147
Marcia,Ward,Legal,45,5393
Maurice,Wade,R&D,60,4775
Colin,Green,IT,28,5312
Rita,Graves,IT,62,5153
Jackie,Welch,R&D,45,760
Bob,Bridges,R&D,26,6522
Perry,Swanson,Support 1,79,2163
Allan,Lee,Travel,46,3757
Irma,Robertson,Support 2,18,2388
Fred,Alvarez,Support 2,17,3610
Carl,Terry,Transport,41,4812
Rafael,Walsh,ES,62,6336
Courtney,Huff,R&D,18,4264
Cindy,Palmer,Security,78,6256
Karen,Robbins,Delivery,74,5586
Billy,Holmes,IT,51,4818
Rene,Jordan,R&D,47,4049
Damon,Jensen,Security,76,2455
Wendy,Gross,Transport,34,2057
Willis,Campbell,IT,35,2392
Rodolfo,Barnes,Delivery,80,4540
Anna,Riley,ES,49,5312
Brandy,Roberts,Delivery,64,1244
Charlene,Carr,R&D,18,4729
Tami,James,Support 2,63,4495
Ismael,West,Legal,23,1296
Leona,Sherman,IT,30,5950
Leland,Wood,Travel,30,3186
Kim,Lucas,Security,66,1479
Don,Hughes,Support 2,25,3331
Taylor,Garrett,Security,36,2244
Forrest,Moran,Travel,40,6392
Kelley,Porter,R&D,50,3029
Veronica,Benson,Transport,38,1390
Judith,Love,R&D,38,2448
Sylvia,White,Travel,52,4000
Stacy,Sullivan,Transport,34,5803
Tony,Bryant,Support 2,40,5817
Darren,Baldwin,IT,82,4601
Tracy,Flores,Transport,32,4278
Jeffrey,Brown,Security,43,2739
Sergio,Medina,R&D,73,2481
Ted,Conner,Travel,76,5526
Zachary,Goodwin,Delivery,20,1186
Kellie,Sutton,Support 2,20,4442
Carlton,Patton,Transport,60,2519
Jaime,Barber,R&D,61,2392
Lela,Stanley,Support 1,41,5875
Myra,Jimenez,Support 1,59,2546
Shaun,Cole,IT,46,3954
Archie,Ball,ES,59,5544
Darrel,Mckenzie,Transport,19,5019
Jack,Owens,Transport,34,2298
Francis,Powers,Security,58,6353
Melissa,Ross,Support 2,36,4119
Marshall,Warner,IT,19,4998
Pamela,Lane,R&D,48,5991
Gregory,Mason,R&D,38,1812
Terrence,Garza,ES,29,3177
Lindsey,Wright,Delivery,50,3258
Maurice,Frazier,ES,30,2842
Vanessa,Evans,Security,31,6514
Sheryl,Woods,Travel,49,2484
Della,Soto,Legal,54,6030
Clara,Burke,R&D,36,5843
Alfonso,Austin,IT,33,5107
Salvatore,Hudson,Travel,79,2349
Angelo,Guzman,Security,67,6329
Glenda,Hanson,Delivery,74,2561
Kerry,Anderson,Security,23,4268
Barbara,Mcdonald,R&D,17,6217
Roland,Sharp,ES,81,6661
Sergio,Beck,ES,36,1558
Fred,Cross,Support 2,78,5335
Edmund,Porter,Transport,42,3566
Ryan,Rodgers,Delivery,40,1676
Yvette,Peterson,Support 1,55,2832
Michelle,Floyd,IT,42,6563
Eddie,Little,Transport,26,4812
Margarita,Spencer,Travel,49,3882
Sophie,Jensen,Legal,26,2442
Jody,Chavez,IT,35,4260
Nancy,Meyer,Support 2,72,1214
Mandy,Maldonado,Travel,59,3360
Taylor,Foster,R&D,21,4115
Ebony,Mclaughlin,Travel,20,1271
Kelley,Ramirez,R&D,35,2922
Belinda,Byrd,Delivery,51,1134
Juanita,Alvarado,Support 1,66,3595
Melba,Price,Travel,29,3562
Pauline,Owen,IT,53,5962
Tracy,Rodriquez,Support 1,72,6278
Francis,Sparks,Transport,47,5583
Krystal,Ferguson,IT,45,3187
Conrad,Brewer,Security,41,6592
Melody,Wheeler,Transport,54,6106
Jacquelyn,Walker,Transport,46,1673
Charlene,Obrien,Travel,33,3566
Rebecca,Ryan,R&D,26,2739
Sean,Hall,Travel,22,2603
Sandra,Davis,Transport,76,5171
Joan,Day,Delivery,78,5538
Bruce,Patrick,Delivery,55,4689
Doris,Mann,Support 1,42,4977
Simon,Jacobs,Travel,33,1023
Anthony,Lee,Security,75,5365
Alicia,Morgan,Legal,75,3347
Sabrina,Warren,Travel,46,5006
Jackie,Sutton,R&D,46,6397
Benjamin,Stanley,Security,82,3833
Jackie,Reid,Support 2,75,4174
Nina,Thornton,Support 2,79,828
Herbert,Wilson,R&D,51,3199
Ben,Farmer,Security,46,917
Adrienne,Mckenzie,Legal,68,5298
Preston,Mccormick,Travel,57,4709
Karla,Keller,Transport,57,4232
Terence,Schultz,Support 1,56,4360
Philip,Moss,Security,59,5320
Brooke,George,Delivery,79,6530
Joann,Copeland,IT,41,1137
Brandon,Tucker,Travel,68,2416
Ollie,Freeman,Legal,77,5309
Marco,Burns,Delivery,24,4248
Kim,Holloway,Transport,70,4192
Christy,Dennis,Travel,62,1918
Edward,Holland,Support 2,62,1990
Robin,Mills,Support 1,26,2478
Joseph,Welch,Support 2,25,1372
Boyd,Simon,ES,47,5537
Jerald,Page,IT,18,4944
Wendell,Harmon,Transport,27,2392
Sylvester,Berry,ES,68,844
Ora,Goodwin,R&D,44,1534
Gilbert,Walters,Travel,80,6050
Juana,Malone,Legal,69,2688
Louise,Graham,Travel,73,3478
Elsa,Carpenter,Support 1,60,5945
Herman,Silva,Security,37,2321
Alexander,Osborne,Security,75,898
Jordan,Cunningham,Transport,49,865
Gwendolyn,Gardner,ES,55,5540
Tiffany,Olson,ES,42,2436
Ashley,Stevens,Travel,25,4286
Dana,Lambert,Support 1,17,4647
Renee,Hogan,Security,37,1579
Fernando,Parsons,Travel,30,4594
Clinton,Salazar,Security,80,3059
Judy,Stone,Support 2,53,1359
Edwin,Hicks,R&D,26,2487
Harvey,Howard,Security,71,813
Tracy,Reynolds,IT,19,6602
Tanya,Kim,Transport,66,2988
Heather,Banks,Travel,46,4132
Brian,Scott,Legal,30,6821
Lonnie,Tate,R&D,68,5244
Drew,Allen,Travel,64,4391
Jermaine,Hart,Delivery,74,3213
Ronnie,Parker,IT,50,4025
Kristi,Franklin,Legal,20,3244
Luke,Mccormick,R&D,56,2487
Travis,Lyons,Support 2,72,6856
Rosa,Ward,Travel,68,3302
Camille,Coleman,ES,53,5280
Josephine,Anderson,Delivery,28,5636
Angel,Hogan,Legal,73,1924
Johanna,Bryant,Support 2,30,5244
Marlene,Kelly,Legal,58,5002
Brent,Day,Travel,79,2502
Ramona,Patton,Legal,24,5572
Gayle,Curry,R&D,33,1902
Jody,Adkins,Support 1,63,2619
Willis,Carson,R&D,78,3822
Rachel,Harvey,Support 1,66,1768
Chester,Jenkins,Transport,45,3215
James,Blake,Travel,39,1298
Jack,James,Delivery,19,6022
Beulah,Bailey,Transport,69,4534
Tammy,Adams,Travel,47,5295
Wendy,Williams,Travel,38,2944
Garrett,Massey,Delivery,67,2967
Matt,Cain,IT,30,3680
Kristopher,Ortiz,Support 2,75,785
Margaret,Shelton,Support 2,30,5819
Sarah,Robertson,Travel,31,6197
Henrietta,Wilson,ES,78,4480
Roland,Armstrong,Delivery,64,1615
Andy,Spencer,IT,28,3844
Lee,Higgins,Transport,73,4957
Sara,Hodges,ES,30,6989
Kayla,Francis,Delivery,21,6350
Hannah,Simpson,ES,79,2134
Tommie,West,Security,77,5966
Marilyn,Waters,Security,79,1220
Shawna,Bowen,Support 2,43,4461
Sonia,Boyd,Support 1,70,1086
Lucy,Reese,IT,75,6740
Eva,Perez,IT,57,5213
Stacey,Lindsey,Transport,41,5619
Terry,Peters,Travel,43,2108
Rosie,Webster,Delivery,31,4237
Andres,Butler,Travel,53,5684
Viola,Reid,Support 2,41,6341
Ervin,Daniels,R&D,50,6938
Warren,Wade,IT,29,6825
Maureen,Freeman,ES,77,5625
Marion,Reyes,ES,81,6935
Sherman,Carpenter,Support 1,72,5434
Spencer,Pratt,Legal,45,766
Edna,Andrews,R&D,79,2490
Mathew,Caldwell,ES,50,4593
Harvey,Lambert,Transport,72,2708
Heidi,Summers,Support 2,36,5854
Ollie,Delgado,ES,80,3355
Bryant,Mann,Security,17,3851
Dolores,Holt,ES,71,5547
Veronica,Brewer,Support 1,59,5463
Dale,Swanson,Support 2,71,1018
Sammy,Hall,Legal,18,4485
Joanna,Lawson,Security,71,3123
Pat,Martinez,Support 2,57,5396
Tara,Hudson,Delivery,51,4664
Rafael,Gordon,Travel,72,1857
Rickey,Buchanan,R&D,38,4032
Nicole,Price,Support 1,71,1913
Archie,Taylor,Transport,75,6261
Damon,Wood,Support 2,80,6323
Carmen,Morrison,Transport,50,1091
Sergio,Cross,Security,34,4255
Belinda,Greene,ES,52,6542
Stephanie,Singleton,Security,68,4224
Enrique,Erickson,Security,69,5211
Faye,Douglas,Support 1,33,5405
Wilson,Palmer,Delivery,33,1383
Myrtle,Parks,IT,80,1949
Martin,Silva,Delivery,60,5570
Kevin,Perry,ES,33,4468
Alexis,Santiago,Legal,43,1336
Delbert,Weber,IT,70,3803
Dallas,Richardson,Legal,36,5836
Ross,Salazar,R&D,33,6055
Janice,Beck,Support 2,44,6096
Susan,Brady,ES,25,5885
Aaron,Hicks,Transport,27,3309
Cathy,Stanley,Delivery,41,5531
Erik,Morton,ES,39,1999
Carolyn,Colon,ES,82,1252
Edgar,Fletcher,Legal,30,5614
Woodrow,Mckinney,Transport,34,2977
Andrea,Mcdonald,Travel,52,6709
Shirley,Tran,Travel,81,6141
Gloria,Mcbride,Legal,19,4798
Kim,Austin,R&D,82,2848
Lucia,Matthews,R&D,62,2399
Ignacio,Ballard,Legal,72,3756
Lola,Sutton,Legal,55,5639
Darla,Vargas,IT,66,965
Erin,Thornton,Support 1,64,1137
Amanda,Newton,Support 2,43,2468
Arlene,Luna,R&D,77,6977
Lillie,Cobb,Security,36,1085
Mona,Bell,Support 1,43,6250
Kerry,Guerrero,Support 2,52,3987
Claudia,Collier,Transport,46,3066
Marlon,Tyler,Support 1,68,6053
John,Webb,Legal,56,2785
Jimmie,Mcdaniel,Travel,75,6085
Katie,Ellis,IT,39,5190
Daniel,Lynch,IT,76,6580
Andy,Rice,ES,34,6070
Sandy,Edwards,IT,31,4080
Felicia,Wilson,Support 1,63,2520
Michele,Floyd,Transport,70,3612
Darlene,Griffin,Security,73,5765
Kurt,Jones,ES,54,5648
Percy,Pratt,Travel,62,6082
Casey,Parks,Legal,46,6300
Lois,Rodriguez,ES,63,5681
Jackie,Valdez,R&D,43,3151
Bobbie,Salazar,Support 1,68,4665
Jennifer,Mitchell,Travel,41,1547
Shaun,Johnston,Legal,38,4518
Alvin,Alvarado,Delivery,66,6114
Lowell,Tucker,R&D,23,1631
Gary,Chambers,IT,76,4951
Nettie,Brock,Travel,57,1205
Emmett,Greer,Support 2,51,3005
Janice,Thornton,Delivery,57,6761
Christy,Walton,Delivery,22,2058
Arnold,Francis,Delivery,42,5350
Patsy,Richardson,IT,59,6266
Wilbur,Grant,Transport,47,5327
Dixie,Cummings,Support 2,42,1931
Joanne,Gill,Support 2,20,6801
April,Frank,Delivery,55,4569
Vernon,Wagner,Security,66,6796
Wilson,Harmon,ES,44,5302
Monica,Young,Legal,23,3557
Aubrey,Boone,Support 1,26,1282
Alma,Silva,IT,76,1532
Janet,Reed,ES,80,3797
Violet,Bowman,Security,73,4754
Sherry,Sanchez,Security,53,4360
Cecelia,Garner,Support 2,41,1812
Gene,Rodriquez,R&D,72,3449
Lydia,Myers,Delivery,76,2209
Renee,Gibson,R&D,71,4167
Rachel,Cain,Travel,19,4004
Clint,Shelton,Transport,71,5542
Conrad,Hansen,IT,76,3090
Benny,Murphy,R&D,35,1761
Jeffery,Rios,Security,29,4538
Ann,Ray,Security,66,5636
Bryant,Bryant,Transport,79,1812
Bertha,Parsons,Legal,73,5685
Dana,Tate,Support 1,66,706
Lola,Lloyd,Support 1,66,5592
Jo,Davis,Support 1,47,4897
Derrick,Pope,Delivery,72,4570
Justin,Padilla,Security,58,6413
Janis,Page,Support 2,81,790
Amanda,Griffith,Delivery,68,4400
Jan,Jenkins,Transport,49,2659
Lorenzo,Nguyen,Support 2,27,5488
Archie,Rhodes,R&D,71,896
Penny,Vaughn,Transport,17,3760
Jeannette,Hopkins,Travel,60,2727
Van,Lawrence,Delivery,51,1758
Joshua,Lowe,Delivery,55,6613
Hubert,Robinson,Travel,41,6295
Marcia,Burns,Legal,77,3009
George,Sanders,Travel,40,6796
Bobby,Flowers,Legal,23,2344
Cedric,Lewis,ES,44,3008
Albert,Ross,IT,58,3292
Eric,Phillips,Support 1,75,2516
Glen,Steele,R&D,20,1051
Kelvin,Schultz,IT,23,5954
Marianne,Holmes,ES,59,4143
Vicky,Doyle,Delivery,44,3823
Dave,Buchanan,Support 2,68,741
Eddie,Copeland,IT,75,3691
Jimmy,Ball,Travel,44,4419
Allan,Warren,Security,76,5035
Hugh,Martin,ES,60,3672
Tonya,Ward,IT,47,6159
Terrance,Underwood,Security,81,6329
Earnest,Frazier,R&D,59,3265
Larry,Russell,Support 2,76,3261
Lila,Wood,ES,52,5928
Hope,Powers,ES,63,5999
Wayne,Maxwell,Support 1,33,2310
Muriel,Erickson,Support 1,57,1422
Bruce,Green,Transport,49,5696
Ken,Sandoval,R&D,58,4851
Kim,Barrett,Delivery,77,3141
Lauren,Blair,ES,56,1757
Brian,Vasquez,Support 2,30,5866
Joann,Daniels,Transport,31,5391
Tricia,Hampton,Support 2,20,1148
